from	to
C0541315	C2757016
C0541315	C2962190
C0541315	C2962753
C0541315	C1515672
C0065023	C2757009
C3529078	C1373046
C2987431	C3856094
C2934193	C1373132
C2606556	C2266875
C2973446	C1373118
C2973446	C3205597
C1337395	C2757009
C0666743	C2757019
C0666743	C2267209
C0666743	C2266940
C0213771	C2757022
C0213771	C1373102
C3644500	C2757016
C2347624	C2916842
C2344297	C3160092
C0083858	C3160092
C2344295	C3160092
C3864832	C3160092
C3864831	C3160092
C3864830	C3160092
C2742797	C2917257
C1609931	C3864925
C1832049	C4084257
C4049146	C2757016
C4049146	C1152564
C3491971	C1373092
C0123677	C1373092
C3491162	C4051516
C3852726	C2756995
C0075870	C1373040
C4055433	C3883352
C2987417	C2757011
C2987417	C2757016
C2346801	C4084255
C0011701	C1373064
C3273711	C2266856
C0166025	C1373129
C0879427	C2916831
C4318037	C1152564
C3658706	C3883352
C3644554	C2267154
C1611934	C2917254
C3555622	C3665047
C3657270	C3883352
C2316164	C4019043
C4329353	C1372996
C4329353	C1373082
C4055109	C4475440
C4055109	C4475439
C2930696	C3856094
C0770325	C3537049
C4507568	C1373111
C0909839	C1373111
C3713958	C1373111
C1134659	C4522891
C1699861	C4084261
C4475875	C1373066
C4505511	C4294556
C4080091	C2267115
C4080091	C1152564
C4080091	C4018500
C4080091	C3665038
C4080091	C3883354
C4080091	C3883353
C4080091	C3819035
C4080091	C3819038
C4080091	C3819043
C4080091	C3500476
C4524315	C5234669
C3885068	C2916791
C1832021	C2962753
C1832021	C3665041
C1832021	C3500483
C4726799	C4019043
C3253985	C2756984
C3253985	C4018500
C3253985	C3665041
C0209738	C1373111
C0024472	C2267221
C0024472	C2267222
C0024472	C1373066
C0032825	C2267221
C0032825	C2267222
C0017734	C1373089
C0037494	C2267221
C0037494	C2267222
C0074722	C2267221
C0074722	C2267222
C0006686	C2267178
C0064582	C2917193
C0064582	C1373108
C0138038	C2267221
C0138038	C2267222
C4078806	C2916807
C4549503	C2267208
C4086264	C2757016
C4086264	C2267115
C1566537	C2917234
C1566537	C2267120
C1566537	C4522891
C4550124	C4522891
C4547776	C1373082
C2976303	C3883351
C4079582	C3819035
C4079582	C3819040
C4079582	C3819042
C4079582	C3819041
C4079582	C3500483
C4507236	C3160090
C4507236	C3819035
C4507236	C3819042
C4507236	C3819041
C4507236	C3500483
C4542175	C5550909
C1608841	C4294558
C1608841	C4294556
C4519323	C2757011
C4519323	C2962753
C4519323	C5833841
C4519323	C3665041
C4519323	C3500476
C4519323	C3500483
C4055478	C1152564
C2713008	C2757016
C2713008	C1152564
C2713008	C3500483
C0596005	C1373102
C0724635	C2267221
C0724635	C1518622
C1165377	C2267221
C1165377	C1518622
C4726732	C2916825
C4726732	C3819028
C1530889	C3864928
C5140028	C4553800
C5139676	C5781810
C5139676	C5550913
C5139676	C4703363
C5139676	C4018500
C0717758	C2757019
C0717758	C2267209
C0717758	C2267210
C0717758	C2266940
C0066282	C2756982
C0066282	C1373004
C0025368	C2757014
C3272344	C1373046
C4743552	C2757011
C4743552	C2916792
C4743552	C5550913
C4743552	C4759632
C4743552	C4018500
C4743552	C3819035
C4743552	C3500475
C4743552	C3500483
C0087163	C2267218
C0003968	C1373066
C0003968	C1517315
C0035527	C1373066
C0068724	C1373066
C4078312	C2757011
C4726677	C3883351
C4519220	C4709344
C0066677	C2757017
C0012522	C2757048
C0006809	C1373108
C0969677	C1517315
C0037548	C1373066
C0700496	C1373066
C0028027	C2757029
C0028027	C1373066
C4528198	C1152564
C0000970	C1373004
C0028426	C2962760
C0546857	C2757048
C1101751	C2756999
C1142985	C1373094
C1832027	C2266858
C0032479	C1373108
C5139749	C2757011
C5139749	C2916792
C5139749	C2267146
C5139749	C3665040
C5139749	C3819035
C5139749	C3500483
C0021246	C2756982
C4287804	C2757011
C4287804	C2962187
C4287804	C2267147
C4287804	C1152564
C4287804	C3883348
C4287804	C3819038
C3818973	C2955534
C4726929	C3856094
C4287799	C1152564
C4287799	C5446063
C4287799	C3500483
C0024480	C2267221
C0024480	C2267222
C0024480	C1373066
C3640939	C4522885
C0078373	C1517315
C1095803	C1373006
C4541993	C4553800
C4683810	C2757011
C4683810	C5445068
C0907402	C1373092
C5446297	C2267208
C4482908	C2757051
C4482908	C2962753
C4482908	C3819037
C5207169	C2757051
C1505020	C2757023
C1505020	C2757053
C2987007	C2757016
C0010592	C2757068
C0010592	C2962753
C0010592	C1373108
C0010592	C3500483
C0796392	C2917234
C0796392	C2267120
C0796392	C4522891
C0012551	C3267918
C0305062	C2267208
C1700874	C2757016
C1700874	C2267115
C0060926	C1373108
C0126791	C2267221
C0126791	C2267222
C0126791	C1373066
C0770893	C1373092
C0008838	C2757009
C3885614	C2757007
C3885614	C1373043
C0169964	C1373064
C0169964	C3537106
C0028833	C1373046
C3539953	C2756984
C4058810	C1152564
C4058810	C3883361
C4058810	C3819035
C4058810	C3819037
C4058810	C3500476
C0030899	C1373108
C2826354	C2266856
C0216784	C2757003
C0216784	C2936805
C3892871	C1373040
C0770649	C2756995
C4287815	C2757011
C4287815	C2757016
C4287815	C3819038
C0304411	C2757022
C0304411	C1373102
C0754517	C2936780
C0754517	C2267188
C0772326	C2962193
C3852841	C2757016
C3852841	C1152564
C2001856	C2266856
C1718383	C3500478
C0526371	C2757016
C0526371	C2267115
C0020261	C2936808
C0288171	C2757003
C0288171	C2936805
C0304925	C1518622
C0304925	C1373089
C0028333	C2757042
C0028333	C1373135
C0076195	C1373097
C1099776	C1373111
C0042291	C1373038
C0042291	C1373022
C0037567	C1373022
C0037567	C1373038
C0700473	C2757053
C0286650	C2756999
C0354468	C2757014
C0354468	C2916833
C0014708	C2756989
C0014708	C2757042
C0014708	C2757052
C0016377	C2756982
C2587184	C2757029
C2979805	C2757029
C0003641	C2757063
C2369149	C1373108
C0724543	C2267178
C3530515	C2756995
C0386393	C2757003
C0386393	C2936805
C0001898	C2267218
C0003765	C2267218
C0289884	C1383096
C0017890	C2267218
C3463896	C2756999
C0771488	C2757009
C0771488	C2266855
C0388087	C2955436
C0034239	C1373108
C4055417	C4475440
C4055417	C4475439
C1615645	C2756978
C1615645	C2917290
C0087093	C2757061
C0087093	C1373134
C0087093	C1373133
C0673966	C2757046
C0248719	C2757003
C0248719	C2936805
C1690432	C3665043
C0728747	C2916795
C3501358	C2757016
C0538927	C2756982
C0538927	C2757001
C0071568	C2267219
C3154850	C1373120
C0062527	C2757006
C0064636	C2936807
C0064636	C1373048
C0064636	C3665041
C1260298	C2757051
C0023566	C1373052
C1170746	C2757053
C0724555	C2757053
C2698764	C2916841
C2698764	C2962753
C2698764	C3665040
C2698764	C3883341
C2698764	C3883344
C0724515	C1373111
C4257011	C2757029
C1723401	C3160092
C4519536	C3160090
C4519536	C2962186
C4519536	C3883348
C4519536	C3819035
C4519536	C3819037
C4519536	C3819041
C4519536	C3819042
C4519536	C3500483
C4519537	C2962186
C4519537	C3883348
C4519537	C3819035
C4519537	C3819037
C4519537	C3819042
C4519537	C3819041
C4519537	C3500483
C4524505	C4019043
C0037134	C1373108
C3853822	C2757016
C3853822	C1152564
C3853822	C3819037
C0041190	C2757022
C0041190	C1373102
C0209368	C2756995
C0209368	C2757009
C0731033	C2267178
C0731033	C1373066
C0700579	C2757014
C0700579	C2916833
C0031470	C2757042
C0031470	C1373109
C0299792	C1373039
C0299792	C1373043
C0393080	C2962188
C0393080	C2962753
C0393080	C2267137
C0393080	C3500475
C0527379	C2757003
C0527379	C2936805
C0064113	C2962753
C0064113	C2267137
C0064113	C1373130
C0064113	C3819035
C0064113	C3500483
C0010927	C2756975
C0055856	C2757051
C0055856	C2962753
C0055856	C3819037
C0055856	C3500483
C0032831	C1373108
C0037508	C1373108
C0078774	C2267221
C0078774	C2267222
C0078774	C1373066
C3853839	C2267041
C3853839	C2267042
C3853839	C4018499
C3667607	C2757002
C3667607	C2757053
C0771774	C2756989
C0771774	C1373137
C1170745	C2756995
C0795582	C2757051
C1700685	C2757016
C1700685	C2267115
C0589978	C2757023
C0589978	C2757053
C0770560	C2757064
C0770560	C2266939
C0770560	C1373068
C0025815	C2757064
C0025815	C2266939
C0025815	C1373068
C1121849	C2757011
C1121849	C2757016
C1121849	C3665041
C1121849	C3500483
C4079830	C3500483
C0005632	C1373108
C2987642	C2267115
C1678805	C3205599
C0596007	C2756995
C0596007	C1372991
C0022635	C2756982
C0054836	C2756989
C0054836	C2757061
C0054836	C1373134
C0054836	C1373133
C3490348	C3665047
C4058841	C1373111
C0103045	C2917256
C4551052	C1373111
C0939539	C2756989
C0939539	C2757008
C0939539	C2757048
C0939539	C2757052
C1367202	C3160094
C1872109	C2757019
C1872109	C2267209
C1872109	C2266940
C0059865	C2756982
C0025677	C2756988
C0025677	C2916820
C0025677	C1373048
C3468008	C2757011
C0055881	C2757051
C0772181	C1373007
C0282274	C2917221
C1999375	C2962193
C1999375	C2962753
C1999375	C3500483
C0050940	C1384478
C0772415	C2757012
C3852217	C2267208
C3852217	C4294556
C0724680	C2756989
C0724680	C2757008
C0724680	C2757048
C0724680	C2757052
C1137102	C2916835
C1137102	C2267072
C0006050	C2917178
C0006050	C1373113
C0004057	C2756982
C0770150	C2757014
C0770150	C2916833
C0393022	C2267208
C0393022	C2266858
C2350089	C2917221
C0765538	C2756982
C4694273	C2267208
C4726574	C1384478
C3247907	C3856094
C1456408	C2916791
C2746078	C2917254
C3709474	C2757022
C3709474	C1373102
C3644419	C1373132
C1948374	C2266939
C1948374	C1373068
C0244713	C2757019
C0244713	C1373108
C0795635	C1373092
C0293359	C1373092
C0004475	C2757009
C0004475	C2266855
C0004475	C1511682
C2702333	C3265464
C3660996	C4475437
C0018546	C2757008
C0165631	C3537021
C0005088	C1517315
C0282104	C2936780
C0282104	C2267188
C0016298	C2757064
C0016298	C2266939
C0016298	C1373068
C4519594	C4018499
C0700596	C2267072
C0700596	C1373075
C4726900	C2916795
C4086553	C2267038
C0073379	C2936807
C4519213	C1372999
C4519213	C1373108
C0020740	C2756982
C4045511	C1373021
C0061673	C2267208
C4519229	C1373066
C0724693	C2267138
C0043822	C1373052
C1144149	C2916842
C3886623	C2757011
C3886623	C3856094
C0040866	C2757064
C0040866	C2266939
C0040866	C1373068
C4726772	C4551433
C0872972	C2916798
C0872972	C2916813
C0872972	C1373092
C0257685	C1373129
C4079208	C2267154
C3899947	C2757016
C0070093	C1373095
C0724622	C2267221
C0724622	C2267222
C0724622	C1373066
C1268876	C1373075
C5235396	C1152564
C5235396	C5445070
C5235396	C4018500
C5235396	C3665040
C5235396	C3819035
C5235396	C3819037
C5235396	C3500483
C0039871	C2756975
C3852671	C5774143
C3852671	C3668487
C0113286	C2757064
C0113286	C2266939
C0113286	C1373068
C2934701	C2955436
C4694272	C2916825
C4694272	C5550906
C0724570	C2267221
C0022939	C1373108
C4550350	C2917210
C1122087	C2757019
C1122087	C2267209
C1122087	C2266940
C0015846	C2917221
C5139890	C4522891
C3179549	C2916791
C0127615	C2756982
C0127615	C2757064
C2720023	C2756999
C1137427	C1373094
C4550163	C2267208
C4550163	C5671140
C4043101	C5550900
C4086837	C4020251
C4278675	C2955436
C4519739	C5550910
C0026256	C1373108
C0026256	C3500476
C5422688	C2916825
C5422689	C2916825
C2683417	C2962193
C4763385	C2266858
C4763385	C2267041
C0772093	C2757006
C0142874	C2267221
C0142874	C2267222
C1165353	C1373089
C0001367	C1511685
C0771200	C2757023
C0771200	C2757053
C3661283	C2267208
C0600526	C2757053
C3713860	C4283300
C2607886	C3160097
C1725651	C2756991
C3177235	C2962190
C3177235	C4018500
C3177235	C3819035
C3177235	C3819037
C3177235	C3819042
C3177235	C3819041
C3177235	C3500483
C2742503	C2266858
C0290883	C2756995
C0290883	C2757060
C0092801	C2757009
C2974289	C2757016
C2974289	C2962187
C2974289	C2267115
C2974289	C3665041
C2974289	C3883354
C2974289	C3819037
C2974289	C3500483
C0770891	C2757008
C0770891	C2917256
C0770891	C1373137
C3179547	C4020257
C0043474	C1373111
C0700465	C2757061
C0700465	C1373055
C0079589	C2757056
C0074554	C2756999
C0380447	C2757015
C0063817	C2267213
C0063817	C2267214
C0724725	C1373018
C0724725	C1373017
C0724725	C1373044
C0039607	C1373097
C0253907	C1373097
C0076188	C1373097
C0663241	C2757051
C0015506	C2757029
C0949312	C2757012
C0282471	C2757013
C0282471	C2757029
C0282471	C2757063
C0282471	C2267054
C1966407	C2756984
C0282321	C2757061
C0282321	C1373133
C0282321	C1373134
C1567130	C4535232
C3818721	C2757011
C3818721	C2757016
C3818721	C3819037
C3818721	C3500475
C0011777	C2757064
C0011777	C2266939
C0011777	C1373068
C1579393	C1373132
C0054201	C2266939
C0054201	C1373068
C0022957	C2917193
C0022957	C1518622
C3489764	C4020257
C0037732	C2757006
C0037732	C2266880
C4719544	C2266999
C0041485	C2267218
C0724624	C1373089
C0772384	C2267221
C0772384	C2267222
C0772384	C1373066
C4044947	C3856094
C0733380	C2757053
C1882305	C2916810
C1882305	C2267120
C0076275	C2757059
C0282198	C1373108
C0700533	C2917221
C0700533	C4060041
C1328025	C2916795
C0016277	C2962188
C0016277	C2962753
C0016277	C2267137
C0016277	C3500475
C1170741	C2757023
C2732002	C2757029
C3661518	C1373102
C0700468	C2757014
C0700468	C2916833
C0020402	C2757009
C0020402	C1373035
C0032857	C1373108
C0700563	C2757017
C0700563	C2757023
C0700563	C2757053
C0700563	C2962190
C1700683	C2757007
C0246415	C2757051
C0246415	C1373147
C2587204	C1373108
C0042680	C1373147
C2742502	C2267144
C3529352	C4051516
C0893761	C1373055
C1571574	C2757056
C0700453	C1373132
C0069717	C2757009
C0069717	C1372991
C0699440	C2757061
C0699440	C1373134
C0699440	C1373133
C0699440	C1373137
C2348248	C1384478
C0076829	C2962188
C0076829	C1373055
C0076829	C3500476
C0546866	C2757051
C0071839	C2757064
C0071839	C2266939
C0071839	C1373068
C0016157	C2266999
C0016157	C1373108
C3273401	C2267219
C2919267	C2267219
C0022516	C2757006
C2697950	C1373108
C0304430	C2757042
C0304430	C2757043
C0700580	C2757022
C0700580	C1373102
C4330502	C4084255
C3491331	C4318161
C3491331	C4318162
C0006376	C2936809
C0886642	C2757053
C3814772	C2757022
C3814772	C1373102
C4301781	C3205599
C2935436	C2916795
C0037982	C2757004
C0002335	C1373005
C1725449	C2757044
C1172734	C2917257
C4033441	C2916825
C5390773	C2916825
C5390016	C2916825
C5390015	C2916825
C0753678	C1373108
C0001927	C1373132
C0966500	C2757029
C2719626	C1373108
C0022322	C1373070
C0795650	C1384478
C0771929	C1384478
C0006674	C1373066
C0006674	C1373089
C0055895	C2757064
C0055895	C2266939
C0055895	C1373068
C3896946	C2267115
C0377265	C1373108
C0049065	C2757009
C0049065	C2266855
C0049065	C1511682
C2987716	C3267937
C0254119	C2757019
C0254119	C1373108
C0245531	C1373132
C0117996	C2266939
C0117996	C1373068
C0543495	C1373132
C2000145	C2267172
C2000145	C1373005
C0210630	C2916828
C1136535	C2916828
C0040879	C1373017
C0040879	C1373044
C0937609	C1373095
C0887128	C2757008
C0887128	C2917256
C0023660	C1373055
C0042845	C1373066
C0078375	C1517315
C0134258	C1373110
C0134258	C1373109
C0134258	C1373132
C0134258	C1373135
C4033447	C4051514
C4511451	C1384478
C0936148	C2267137
C0936148	C1373130
C4505508	C3267935
C0039601	C1373097
C4529301	C2917234
C4529301	C2267120
C0772139	C2756975
C0969324	C4060042
C0037513	C1373124
C0037513	C1373127
C1176308	C4301672
C0771293	C2757046
C0060578	C2757008
C0060578	C2917256
C0060578	C1373137
C0001047	C2267000
C0001047	C1517315
C3657824	C2955436
C0033487	C1373017
C0700582	C2267189
C0700582	C1383096
C0700582	C1384454
C0851344	C2756995
C0851344	C2757060
C1831808	C2757013
C1831808	C2267054
C0935916	C2757056
C0935916	C1373098
C0282388	C2267189
C0282388	C1384454
C2606637	C2756984
C2606637	C3500474
C0004906	C2266939
C0004906	C1373068
C1609165	C3819028
C3859491	C2916807
C0066700	C2757064
C0066700	C2266939
C0066700	C1373068
C0021186	C2936808
C0021186	C1373036
C0085174	C1373005
C0137440	C2757048
C0006938	C2757044
C0033228	C2916813
C0069751	C1373055
C3496793	C1373082
C3496793	C3500474
C3496793	C3500476
C3496793	C3528603
C0076080	C2756975
C0030829	C1373138
C1176316	C2267138
C0025598	C1373092
C0063828	C2267214
C0063828	C2267213
C0001962	C1373006
C0001962	C1373044
C0700492	C2757003
C0700492	C2936805
C0700545	C2757017
C0700545	C2757023
C2353893	C2757019
C2353893	C2267209
C2353893	C2266940
C0700583	C2756982
C1685365	C4027039
C0282131	C2756982
C0937917	C1373005
C0383429	C2267208
C0383429	C2266859
C2001525	C2756995
C0033308	C1373052
C0028040	C2757027
C0028040	C2917220
C0004482	C2757009
C0144576	C1373143
C0144576	C1383096
C0040018	C1373108
C0016006	C2757029
C0032140	C2756980
C0671970	C2756988
C0671970	C2757009
C0671970	C2266855
C1375516	C2757006
C0042338	C2757006
C2364481	C2917231
C0065767	C1373066
C0005308	C2757064
C0005308	C2266939
C0005308	C1373068
C0009262	C1373108
C0009262	C1373147
C0244718	C2757044
C2717561	C3819031
C0014938	C1373007
C1529800	C2266875
C0252643	C2266875
C0021968	C1373108
C0070570	C1373108
C0036079	C1373108
C0023570	C1373039
C0165921	C2917201
C1099664	C2757013
C0939537	C2757016
C0939537	C2267122
C0030054	C1517315
C1321596	C2267131
C1321596	C5878975
C0062525	C3265468
C0305058	C2267208
C0305058	C3265464
C0063041	C2757009
C0042671	C1373147
C1739768	C2267054
C2343849	C1373124
C1260199	C2267185
C3273321	C2757011
C3273321	C2757016
C5238146	C2916825
C5238146	C5833427
C4519740	C3864936
C5226874	C1152564
C5226874	C5445070
C4519730	C5878972
C4519730	C3537021
C5390017	C1373017
C5418449	C5550915
C5139934	C2916791
C5139934	C2916797
C5139934	C2267163
C5235398	C2267208
C5235398	C2267041
C5235398	C4020251
C4724806	C3883352
C0286651	C2756999
C0017066	C2757009
C0017066	C1511685
C2351038	C3160094
C5557360	C1152564
C4511278	C1373138
C0282395	C2266980
C4726670	C1373040
C5455243	C2267072
C5455243	C1373075
C0079691	C1373086
C0027680	C2757012
C3898565	C2756975
C5420928	C2757011
C5420928	C5782144
C5420928	C3856094
C4045520	C2757051
C4519745	C4703363
C2983948	C2757000
C5418242	C2266858
C5418242	C2267041
C1508759	C2962753
C1508759	C5574402
C1508759	C3819035
C1508759	C3500483
C0046056	C2757000
C0060276	C2267221
C0016410	C1373066
C0770456	C2757026
C0770456	C2757066
C5139904	C2267208
C5139904	C4294556
C0006863	C2756998
C0006863	C2962187
C0006863	C2962188
C0006863	C2962186
C0006863	C3665038
C0006863	C3665040
C0006863	C3883341
C0006863	C3883344
C0006863	C3500475
C0006863	C3537246
C5227756	C2267122
C4519126	C1372999
C4519126	C5443980
C5545149	C2756997
C0292818	C2756991
C0292818	C2962190
C0292818	C2962753
C0292818	C3665038
C0292818	C3883361
C0292818	C3819035
C0292818	C3819037
C0292818	C3819039
C0292818	C3819038
C0292818	C3500474
C0292818	C3500483
C0292818	C3528603
C2744440	C4019043
C4746084	C2267038
C4746084	C5234667
C3713057	C2267208
C5418278	C2757011
C5418278	C3856094
C1533699	C2757009
C1533699	C2266857
C0057558	C1373052
C5221242	C2756995
C4519188	C5878972
C4519188	C5671147
C1145760	C1373005
C0657912	C1373108
C0090306	C1373005
C0700463	C1373138
C0724700	C1373040
C0771907	C1656262
C1176309	C2266856
C1176309	C1661195
C0028978	C2962188
C0028978	C1384478
C4059915	C2757011
C0015011	C1373007
C0047683	C1373052
C0009074	C1373158
C4310385	C2756984
C4310385	C3819043
C4310385	C3819044
C0022180	C1372997
C0022180	C1373017
C0081876	C1384478
C2933912	C2917201
C0282123	C2267189
C0282123	C1384454
C0282123	C1511685
C1541483	C2917210
C5578549	C1517315
C0016860	C2936809
C0085149	C2756995
C0085149	C2757068
C0012472	C1373005
C1619966	C2962751
C1619966	C2962752
C2982078	C4709342
C0069632	C2917207
C0069632	C2917208
C4059057	C2757016
C5139788	C3856094
C5139788	C3500483
C4045491	C1373120
C1566826	C1373120
C0015689	C2266999
C0015689	C1373108
C0771825	C2916835
C0771825	C2267072
C3464497	C2916825
C0040341	C2757051
C2366367	C2757063
C2366367	C3267935
C0771414	C1373046
C0068395	C1373097
C0040845	C1372999
C0040845	C1373108
C2723461	C3854078
C0092777	C2757009
C0092777	C2266855
C0092777	C1152564
C0065864	C1373052
C1271607	C1373095
C0872913	C1383102
C0546861	C2267189
C0546861	C1384454
C0350422	C2757053
C0350422	C2955440
C0350422	C2962756
C0546864	C2917221
C1328071	C1372999
C0137997	C1373040
C0001443	C2917194
C0001443	C1373089
C0077768	C2757042
C0077768	C1373110
C0700474	C2756999
C0024002	C1373017
C0024002	C1373044
C5139819	C1373005
C0004147	C2757061
C0004147	C1373134
C0530105	C2917207
C0530105	C2917208
C5418318	C2267219
C0025872	C1373108
C4083872	C2757029
C0752310	C1373109
C0752310	C1373110
C0012582	C2917195
C0012582	C1656262
C0012582	C1373051
C0355800	C2756979
C0795575	C2757029
C0521900	C1373138
C0072980	C2757016
C0072980	C1515672
C0060483	C2757009
C0060483	C2266855
C0010977	C2757014
C0058733	C2757048
C0058733	C1383092
C1707080	C2757016
C1707080	C1515672
C0002679	C1373130
C0171023	C2756989
C0171023	C2757008
C0171023	C2757048
C0171023	C2757052
C0171023	C2757061
C0171023	C1372996
C0171023	C1373102
C0594375	C1384454
C0074414	C1372997
C0074414	C1373017
C4519269	C3864929
C4519269	C3665038
C0936142	C2756988
C0936142	C2757051
C0936142	C1373048
C0063757	C2267214
C0063757	C2267213
C0022005	C2267214
C0022005	C2267213
C0356588	C1373129
C1307126	C2757029
C1321643	C2757048
C0022265	C1372999
C0022265	C1373108
C0073393	C2756989
C0073393	C2757008
C0073393	C2757048
C0073393	C2757052
C5238205	C5443980
C5238205	C5550906
C5419330	C2916797
C5419330	C2267041
C3659310	C2756995
C3659310	C5434823
C1509436	C1373102
C4045824	C2917193
C4045824	C2267221
C0070455	C2756995
C0070455	C1373093
C4079904	C2757029
C5203804	C2756975
C5203804	C4018499
C0001714	C2267222
C0770309	C1373066
C0304965	C1373108
C5207636	C3537049
C4726937	C4553800
C5554559	C2962188
C5554559	C5445068
C5554559	C3665040
C5554559	C3819035
C5554559	C3819037
C5554559	C3500483
C5667166	C2267041
C5418281	C2266858
C5418281	C2267041
C0063077	C2757064
C0063077	C2266939
C0063077	C1373068
C0043491	C1372991
C0026186	C2757051
C0937916	C1373005
C0649350	C2757012
C2973895	C2916791
C0024477	C2267221
C0024477	C2267222
C0024477	C1518622
C0024477	C1373066
C0026196	C1373036
C2830183	C1373147
C0006949	C1373055
C0006949	C1373108
C0006949	C3665038
C0006949	C3883361
C0006949	C3500474
C0006949	C3500476
C0006949	C3528603
C4325236	C2756979
C4325236	C4060041
C2608038	C1373147
C0740235	C1373047
C0010711	C2757009
C0010711	C2266855
C0010711	C1511685
C0002563	C1373066
C0002563	C5574401
C5419289	C1152564
C0700482	C1373129
C0527189	C2757048
C0771892	C2757048
C0015772	C2757014
C0015772	C2916833
C1880492	C2917231
C1880492	C3883345
C1880492	C3883346
C1880492	C3883347
C1880492	C3883342
C1880492	C3883341
C1880492	C3883344
C1880492	C3883348
C1880492	C3819035
C1880492	C3819042
C3885063	C2916825
C0060241	C2267221
C4762343	C2936806
C0017687	C1373155
C1310734	C2757002
C0006681	C2267178
C0006681	C2267221
C0006681	C2267222
C2983812	C2962190
C2983812	C3819037
C2983812	C3485976
C2983812	C3500483
C3661274	C2757022
C3661274	C1373102
C1721300	C2757051
C1721300	C2916820
C1721300	C1373048
C1872203	C1373046
C0004259	C2757022
C0004259	C1373102
C0139449	C2756990
C2697942	C3485985
C4080052	C3819035
C4080052	C3500483
C4080053	C3160090
C4080053	C3819035
C4080053	C3819037
C0073633	C2962190
C0073633	C3665041
C0073633	C3819037
C0073633	C3500483
C2698221	C1373066
C0040987	C2756988
C0040987	C2757009
C0040987	C2266855
C0040987	C1373108
C4056442	C4060039
C4064080	C2757029
C0008161	C1373108
C1318649	C3267920
C2242156	C3265468
C2242158	C3265468
C2242160	C3265468
C3852938	C2962753
C3852938	C1373032
C3852938	C4709337
C3852938	C3665038
C3852938	C3665040
C3852938	C3819036
C3852938	C3819037
C3852938	C3819042
C3852938	C3819041
C3852938	C3500474
C3852938	C3528603
C0377401	C2757009
C0377401	C1373147
C3713906	C2267185
C1435444	C2756991
C1435444	C2962190
C1435444	C3819037
C0600099	C2917209
C0600099	C2917250
C0600099	C1373059
C0771004	C2757048
C0007559	C2756995
C3489748	C1373040
C4688747	C5200855
C0008318	C1373066
C0529793	C2267138
C0065844	C1373066
C0006710	C2267178
C0006710	C2267221
C0006710	C1373066
C3272699	C2962190
C3272699	C2267131
C3272699	C3500483
C2987430	C2757016
C3872026	C2756995
C0110462	C2267222
C1135132	C1373147
C2709766	C2916807
C2709770	C2916807
C2709778	C2916807
C2709742	C2916807
C2709748	C2916807
C2709752	C2916807
C2709760	C2916807
C1721288	C2267178
C0213404	C1373055
C0037521	C1372991
C0037521	C1373108
C1311253	C2917238
C0771840	C2757007
C0724579	C2757013
C0724579	C2757029
C0724579	C2757063
C0724579	C2267054
C0595331	C2757014
C0249529	C1384464
C4018766	C2756988
C4018766	C2757051
C4018766	C1373048
C0055361	C1372991
C0546869	C1373055
C0966225	C2917230
C0026056	C1373017
C0026056	C1373044
C4682397	C2756995
C4682397	C5574404
C4682397	C3500474
C4682397	C3500476
C0872908	C2266933
C0068475	C2757061
C0007300	C1373055
C0700536	C2757042
C0700536	C2757043
C0700536	C1373135
C0700536	C1373132
C0060657	C1373132
C0771469	C1373132
C0076404	C1373066
C0771561	C1373066
C0246269	C3205594
C3179535	C3864929
C3179535	C3819037
C3179535	C3500483
C0002645	C1373138
C0110038	C1373040
C0055860	C1373040
C1955474	C1373108
C0063242	C2266992
C0033124	C1373055
C0017725	C1373089
C0991847	C2267221
C0991847	C2267222
C0991847	C1373066
C0004015	C2267218
C0061472	C2267218
C0024340	C2267218
C0134394	C1373102
C2698280	C2267138
C0142825	C2267221
C0142825	C2267222
C0004963	C2757048
C0075262	C1373044
C0949359	C2756988
C0949359	C2916820
C0949359	C1373048
C3851350	C3819035
C3851350	C3500483
C4490395	C2916825
C4256803	C2916825
C4033637	C2916825
C4724807	C1152564
C4724807	C4018500
C4724807	C3665041
C4724807	C3500483
C3642425	C2757058
C3642425	C2917290
C3642425	C2917289
C3642425	C2962186
C3642425	C2962187
C3642425	C2962190
C3642425	C2962188
C3642425	C1373093
C3642425	C3819036
C3642425	C3500475
C0592789	C2916808
C0592789	C1373017
C4053698	C2962186
C4053698	C1152564
C4053698	C5446063
C4053698	C5550913
C4053698	C4018500
C4053698	C3819035
C4053698	C3500483
C4078709	C2757029
C4078709	C3819031
C0022625	C2962753
C0022625	C2267137
C0022625	C1373130
C0022625	C3819036
C0022625	C3500483
C0011185	C1373094
C0011185	C1373108
C0301556	C2267218
C5238091	C2955436
C0070694	C1373108
C1176329	C2266875
C2974540	C3665047
C0246203	C2756999
C0009079	C2756989
C0009079	C2757008
C0009079	C2757048
C0009079	C2757052
C0009079	C1373102
C0038689	C2916799
C0038689	C3500475
C0041041	C2916820
C0041041	C1373048
C0041041	C3665041
C0041041	C3665040
C0700476	C2267072
C0700476	C1373075
C0543476	C2757002
C0543476	C2917245
C0053523	C2757064
C0053523	C2266939
C0053523	C1373068
C0068700	C3163330
C0068700	C1373032
C0049506	C2757002
C0049506	C2757048
C0049506	C1373102
C0049506	C1373137
C0049506	C1373136
C0079083	C2757009
C0282052	C1373138
C0282355	C1373040
C0086999	C2267218
C1321598	C1373066
C2697593	C1517315
C0027607	C2757051
C0700603	C2757064
C0700603	C2266939
C0700603	C1373068
C0040233	C2757061
C0040233	C1373133
C0040233	C1373134
C1455035	C2266861
C0048044	C2756995
C2920417	C1373132
C1456409	C2962188
C1456409	C1373120
C1456409	C3819038
C1456409	C3500475
C1456409	C3500483
C2826076	C2757029
C0674432	C2756991
C0674432	C3819037
C0674432	C3819042
C0674432	C3500483
C0771735	C1373110
C0137984	C2267221
C0137984	C2267222
C1883054	C2267221
C1883054	C1518622
C0024339	C2267218
C3495437	C2267218
C0140575	C2757009
C1099414	C2756995
C1099414	C2757068
C0872997	C2266861
C0872997	C1373019
C0700548	C2757061
C0700548	C1373134
C0059623	C1373007
C0032950	C2757064
C0032950	C2266939
C0032950	C1373068
C0770920	C2757044
C0291216	C2917264
C1451502	C1373005
C0020306	C2757011
C0020306	C2917265
C1881339	C2756995
C1881339	C1373039
C2980094	C2757016
C2980094	C1152564
C2980094	C3883344
C2980094	C3883348
C2980094	C3819035
C2980094	C3500475
C1122962	C2757016
C1122962	C2916831
C0066814	C2917221
C0066814	C4060041
C0059562	C2757051
C0006405	C2756979
C0006405	C2917209
C0006405	C2917250
C1142738	C2267139
C0073629	C2266861
C0073629	C1373075
C4519542	C1152564
C0701445	C2756979
C0701445	C2917209
C0701445	C2917250
C0771046	C2936780
C0771046	C2267188
C1576821	C2267139
C0012265	C2756995
C0012265	C1373085
C1653590	C2756979
C0107994	C2757007
C1313386	C1373092
C0025219	C1373095
C0060930	C2917264
C2987603	C2267208
C2987603	C5234668
C4279743	C3485976
C4691680	C2916827
C0220578	C2757002
C0220578	C2917245
C4733463	C4475440
C4733463	C3883352
C5139916	C4018499
C5238084	C2756984
C5242453	C5550900
C5421024	C2266861
C2825616	C2955534
C1178489	C2756998
C0057257	C1383102
C0073374	C2757009
C4519232	C2757022
C4519232	C1373102
C0014899	C1373007
C1684405	C2266942
C0020933	C1373138
C0008777	C2266980
C4317244	C1373040
C4508722	C2267122
C5421135	C4551434
C4535718	C2757023
C4535718	C4551434
C4078701	C3855964
C0048318	C2917265
C0035629	C2266995
C0035629	C1373047
C0027603	C2757051
C0073085	C1373094
C0008947	C2757051
C0033254	C2757022
C0033254	C1373102
C0000665	C1527256
C0031463	C1373066
C0017628	C1373036
C0017628	C1373092
C0086444	C1527256
C0086444	C1373108
C0022181	C2757012
C0021978	C1373108
C0036078	C2756982
C0036078	C2757064
C0074710	C2757007
C0016299	C2757064
C0016299	C2266939
C0016299	C1373068
C0029994	C1373108
C0085542	C2756999
C0002144	C1384464
C0002435	C1373138
C0015120	C1373055
C0042670	C1373147
C0028215	C2756994
C0029193	C1373132
C0032952	C2757064
C0032952	C2266939
C0032952	C1373068
C0014758	C2756994
C0284941	C2916808
C0284941	C1373017
C0040864	C2757064
C0040864	C2266939
C0040864	C1373068
C0041009	C1373108
C0051556	C2757064
C0051556	C2266939
C0051556	C1373068
C0078643	C1373110
C0078643	C1373109
C0078643	C1373132
C0078643	C1373135
C0024730	C1518622
C4519300	C2267137
C4519300	C3819035
C0699481	C1373108
C0028365	C2267188
C0028365	C2267189
C0008269	C2757009
C0018318	C1373110
C0065865	C2757064
C0065865	C2266939
C0065865	C1373068
C0020281	C1373108
C1172636	C2757051
C3661282	C2757002
C3661282	C2757053
C0164815	C2757009
C0164815	C1511685
C0060501	C2266939
C0060501	C1373068
C0536495	C2936780
C0536495	C2267188
C0028017	C2756995
C0962603	C2917203
C0962603	C1373108
C0040805	C2757002
C0040805	C2757048
C0040805	C2757053
C0040805	C1373137
C0074281	C1372991
C0074281	C1373108
C0359156	C2916807
C0020811	C2757009
C0053570	C2962191
C0053570	C1373130
C0012381	C2757048
C0085251	C1373055
C0082787	C2757064
C0082787	C2266939
C0082787	C1373068
C0048504	C2916804
C0007248	C1373108
C4519167	C2757011
C4519167	C3665040
C4519167	C3819037
C4519167	C3500483
C0002658	C2756978
C0002658	C2757017
C0002658	C2757023
C3854019	C2757051
C0027679	C2757012
C0069805	C1373102
C0050403	C2756982
C0050403	C2266940
C0016351	C2757064
C0016351	C2266939
C0016351	C1373068
C0014479	C2757042
C0014479	C2757043
C0018880	C1373108
C0012373	C2757014
C0012373	C2916833
C0012373	C2962753
C0055819	C2756975
C0093437	C2757026
C0093437	C2757066
C0034266	C1373066
C0038425	C2757051
C0025760	C2757008
C0075783	C2757061
C0012201	C2756978
C0012201	C2757017
C0012201	C2757023
C0037125	C3668487
C0019134	C1373127
C0019134	C1373124
C0033459	C2756989
C0033459	C2757008
C0028741	C1373130
C0023992	C2917221
C0023992	C1373059
C0022614	C2757007
C0022614	C2916809
C0041031	C2757048
C0008196	C1372991
C0022487	C2757051
C3885145	C3819028
C0050393	C2756986
C0050393	C0597832
C0051511	C1372991
C0002334	C1373133
C0002334	C1373134
C2352806	C2916831
C0262964	C1373108
C0041098	C2757048
C0304984	C2267213
C0005578	C2757022
C0005578	C1373102
C0037688	C1372991
C0128513	C2266863
C0059699	C2267136
C0008809	C2962186
C0008809	C2936780
C0008809	C2267188
C0085228	C2757053
C0066101	C2757048
C0033567	C1373005
C0543448	C2267221
C0543448	C2267222
C0543448	C1373066
C0001040	C2267218
C0389169	C2756995
C0064906	C2267072
C0064906	C1373095
C0041165	C2757051
C0041175	C2916837
C0020404	C2757048
C0020404	C1383092
C0025696	C2936808
C0031937	C2757061
C0031937	C1373134
C0031937	C1373133
C0022642	C2757048
C0874161	C2266933
C0031444	C1373065
C0034282	C2757048
C2713632	C2757011
C2713632	C2917195
C0139919	C2757005
C0018062	C1373095
C0015137	C1373108
C0040989	C2756989
C0040989	C2757008
C0040989	C2757052
C0025616	C1373097
C0040779	C2916800
C0040779	C1656262
C0076784	C1656262
C0530684	C3163330
C0033148	C1373006
C0022046	C1372999
C0065374	C2757044
C0016294	C1373068
C0055014	C2756995
C0010934	C2757009
C0010934	C2757051
C0010547	C2757048
C0010547	C1373102
C4224790	C4283299
C0379955	C2757000
C0007737	C1373138
C0004905	C2266939
C0004905	C1373068
C0301374	C2757022
C0070557	C1373138
C0017861	C2916819
C4058811	C2757016
C4058811	C1152564
C4058811	C3883361
C4058811	C3819035
C4058811	C3819037
C4058811	C3500476
C0244404	C2757056
C0132512	C2757014
C0025746	C2756975
C0025746	C2266866
C0031849	C2757012
C0030896	C2757009
C0030896	C2266855
C0024452	C2916799
C0024452	C1373108
C0027444	C1373130
C0014963	C2936809
C1619962	C2962751
C1619962	C2962752
C0052796	C2757051
C4308025	C2757000
C4308025	C5774142
C0054120	C2757048
C0021234	C2757062
C0085176	C1373048
C0006709	C2267178
C0296806	C2267214
C0027373	C2757042
C0015840	C1373132
C0009033	C1373017
C0009033	C1373044
C0525079	C2756975
C0016375	C1373017
C0016375	C1373044
C5433947	C2267208
C0016967	C2757012
C0054480	C2916819
C0006491	C2756979
C0006491	C2917209
C0006491	C2917250
C0006491	C1373059
C0762662	C2757001
C2825682	C1373108
C0040613	C1256499
C0008845	C2757053
C0016383	C2917256
C0068485	C2757023
C0068485	C2757053
C0068485	C1373137
C0025668	C1373108
C0018549	C1373108
C0126777	C2267221
C0126777	C2267222
C0126777	C1373066
C0071129	C1373132
C0040958	C1373108
C0016278	C2757051
C0060180	C2757007
C2698291	C2757003
C2698291	C2936805
C0008281	C2757048
C0042313	C2756995
C0078703	C2916833
C0002640	C1373006
C0025023	C1372999
C0025023	C1373147
C0013092	C2757048
C0013092	C1383092
C1619629	C2757050
C1619629	C2962186
C1619629	C3665040
C1619629	C3500476
C1135662	C2267219
C0020268	C2757064
C0020268	C2266939
C0020268	C1373068
C0057626	C2756979
C0057626	C1373059
C4759135	C1373005
C4759135	C5781807
C0086140	C1373089
C0113293	C1373110
C0113293	C1373109
C0540623	C2756998
C0540623	C2917244
C0540623	C2917243
C1174995	C2917202
C1174995	C2267208
C0025684	C2757009
C0025684	C0175779
C0060282	C2267221
C0012030	C2757023
C0012030	C2757053
C0380393	C2756989
C0380393	C2757008
C0380393	C2757048
C0380393	C2757052
C0172907	C1373130
C0717550	C2757003
C0717550	C2936805
C0102139	C2267219
C0982156	C2757029
C0022209	C1373108
C0018165	C2757051
C4548369	C2756995
C0537150	C5671143
C0070122	C2757053
C4519273	C3267937
C0025893	C1373138
C0007047	C1373005
C0014806	C2757051
C2698152	C2916792
C2698152	C0021048
C3502652	C2757051
C0063340	C2916809
C0032334	C1373108
C0076286	C2757042
C4731737	C2267219
C2931926	C2757016
C2931926	C3856094
C0026259	C1384454
C0025643	C1373138
C5392453	C2962190
C5392453	C2962753
C5392453	C3500483
C5392453	C3267935
C0042071	C1383102
C0072916	C2756998
C0000294	C2266866
C0038143	C1373108
C3467842	C2757011
C3467842	C2962186
C3467842	C2962753
C3467842	C1152564
C3467842	C3883354
C3467842	C3819035
C3467842	C3856094
C3467842	C3500483
C0057002	C3265468
C0040778	C2756978
C1134467	C1373066
C0000992	C1373036
C0000992	C1373092
C0001041	C2757026
C0001041	C2757066
C3896940	C2267115
C0031955	C1373138
C0033218	C1373055
C0013090	C2757051
C0005038	C1373108
C0012341	C1373108
C0206232	C2757013
C0206232	C2757063
C0206232	C2267054
C0078839	C1373018
C0078839	C1373017
C0078839	C1373044
C0078839	C5671143
C0038710	C2916799
C0006246	C2757048
C0032143	C2756980
C0032143	C1383102
C0216971	C2916824
C0288672	C3500483
C0011707	C2757064
C0011707	C2266939
C0011707	C1373068
C0014310	C2936780
C2698385	C2267054
C0796545	C2757019
C1135135	C2757016
C1135135	C2916831
C0071810	C1373108
C0008273	C2936808
C0663182	C2267045
C0663182	C1373152
C1956280	C2962188
C1956280	C1373130
C0012093	C1373138
C0014964	C2757009
C4727630	C2757019
C0242531	C2917208
C0242531	C2917207
C3886763	C1511685
C0065152	C1373032
C0065152	C1373110
C0065152	C1373109
C0065152	C4018500
C0028923	C2757051
C0055923	C2757051
C0073994	C1373089
C1876229	C3160090
C1876229	C3819037
C1876229	C3819040
C1876229	C3819042
C1876229	C3500483
C4045494	C2757016
C4045494	C1152564
C4045494	C3819037
C0304987	C2757000
C0033511	C2757051
C0033511	C2917233
C0033511	C1373071
C0033511	C1373100
C0002333	C1373017
C0002333	C1373044
C0022245	C2757043
C0022245	C1373132
C0022245	C1373135
C0006945	C2757026
C0015620	C2757005
C0058445	C2757051
C0524684	C1373108
C0163557	C1373070
C0163557	C3668487
C0053114	C1373055
C5432324	C2916825
C5432324	C5781808
C0961485	C2757004
C0030092	C2757051
C4291320	C2266866
C4291320	C3265465
C0060135	C1373108
C0028735	C2757014
C0028735	C2757043
C0066685	C2757044
C0540694	C1373111
C0041086	C0175779
C0031408	C2757048
C0013360	C2917195
C0013360	C1656262
C0027360	C2756979
C0031469	C2757042
C0031469	C1373109
C0038878	C2756982
C0002499	C2757051
C0008168	C2757051
C0039943	C2756989
C0039943	C2757008
C0965390	C2916801
C0965390	C2266861
C0074750	C1373108
C0015505	C2757029
C0073999	C2756982
C0057605	C2757048
C0253563	C1373125
C2713595	C2962188
C2713595	C5234665
C2713595	C3665040
C2713595	C3819035
C2713595	C3819038
C0012547	C2267208
C3192263	C2757016
C3192263	C2962186
C3192263	C2267154
C3192263	C3500483
C0281666	C1372999
C0004599	C1373066
C0004599	C1373114
C0754280	C3500483
C0014695	C1373066
C0014695	C1373089
C0007538	C2756995
C0085237	C1373055
C0051515	C2267221
C0051515	C2267222
C0051515	C1373066
C2343921	C2756979
C0086073	C2757019
C0086073	C2266867
C0024056	C2757008
C0024056	C2757052
C0015131	C1373017
C0015131	C1373110
C0022252	C2756994
C0022252	C3500480
C0000618	C2757009
C0000618	C2266855
C0025152	C2756982
C0031448	C2756989
C0012091	C2756982
C0008188	C1373017
C0008188	C1373044
C0079466	C1373110
C0023610	C2267072
C0297635	C2756998
C0297635	C2917243
C0297635	C2917244
C0030073	C2917221
C0030073	C4060041
C0301527	C2267221
C0301527	C2267222
C0039542	C1373132
C0023870	C2267223
C0023870	C1373063
C0024476	C2267221
C0024476	C2267222
C0024476	C1518622
C0024476	C1373066
C0360564	C2757064
C0360564	C2266939
C0360564	C1373068
C0076823	C2757023
C0676831	C2267045
C0676831	C1373152
C0301513	C3265468
C0009053	C2757029
C0025678	C2757048
C0025678	C2917256
C0025678	C2962186
C0025678	C2962190
C0031979	C2757007
C0002697	C1656262
C0013085	C2757023
C0013085	C2757053
C0055443	C1373055
C0012132	C1373111
C0039245	C2757012
C0061863	C2757002
C0061863	C2917245
C0360174	C2757012
C0038675	C2916799
C0068314	C1384454
C2745017	C1372999
C0008223	C1373108
C0015020	C1517315
C0025242	C2916808
C0019453	C2756975
C0019453	C2757009
C0071097	C2916798
C0071097	C2916813
C0071097	C1373092
C0378366	C1373124
C0050458	C2756989
C0050458	C2757008
C0012050	C2757006
C0012050	C1373055
C0015042	C2757022
C0066005	C1373138
C0018988	C2756995
C0030800	C2757017
C0020196	C2267218
C0038687	C2916799
C1948068	C2266853
C0168388	C1373006
C0048470	C2757013
C0048470	C1373124
C1620287	C2962193
C0064585	C1518622
C0754188	C2756991
C0754188	C2962753
C0754188	C3883353
C0754188	C3500476
C0082607	C2266939
C0082607	C1373068
C0304977	C1372991
C0304977	C1373108
C0032535	C2267222
C0718043	C2267219
C0291772	C2917245
C0108111	C2267178
C0108111	C2267221
C0108111	C2267222
C3181682	C2757011
C3181682	C2757016
C0060228	C2267221
C0073983	C2756982
C0006699	C2267178
C0078569	C2757023
C0078569	C2757053
C0005059	C1373055
C0020273	C2936808
C0254215	C2757013
C0009073	C1373018
C0009073	C1373044
C1998098	C2962190
C1998098	C2266853
C0085259	C2266983
C0164674	C2267219
C0020197	C1373066
C0003596	C2757007
C4059024	C4283299
C0038745	C2916799
C2986924	C2757016
C2986924	C2267115
C0007012	C2267214
C0007012	C2267213
C0546882	C1373086
C0038722	C2916799
C0039629	C1373055
C0164398	C2916844
C1831905	C2917231
C1831905	C3883341
C1831905	C3883342
C1831905	C3883347
C1831905	C3883344
C1831905	C3883346
C1831905	C3883348
C1831905	C3883345
C1831905	C3819035
C1831905	C3819042
C0038670	C2916799
C5446328	C2757009
C5446328	C2266983
C5446328	C4709341
C0005575	C1373066
C0025386	C1373108
C0035525	C2756995
C0020264	C2917221
C0020264	C1373059
C0020264	C4060041
C1176020	C2757016
C1176020	C2267115
C1311070	C2756975
C5421356	C1373030
C2717021	C4535232
C0077275	C2916835
C0077275	C2267072
C0022176	C1373132
C0039286	C2757056
C0065295	C1373138
C0026187	C2757051
C0076836	C2757056
C0068334	C2756982
C0055003	C2756995
C0034665	C2757005
C1571583	C1373124
C0031364	C1373004
C0753645	C2936780
C0753645	C2267188
C0030125	C2756982
C0030125	C2916799
C0015133	C1384454
C1257385	C2962188
C1257385	C5444107
C1257385	C3665040
C1257385	C3819035
C1257385	C3819037
C1257385	C3819041
C1257385	C3819042
C1257385	C3500483
C5421138	C2267219
C0007738	C2756995
C0011812	C2756978
C0011812	C2757017
C0011812	C2757023
C0965618	C3205599
C0026078	C2757042
C0026078	C1373109
C3818757	C2917238
C0206461	C2757013
C0206461	C2757029
C0206461	C2757063
C0206461	C2267054
C0037556	C2267136
C0004234	C2917207
C0004234	C2917208
C0209227	C1511685
C0002475	C2756975
C0002475	C2757009
C0123931	C1384454
C0033429	C2757061
C0033429	C1373055
C0037537	C1373018
C0037537	C1373108
C0061323	C1373092
C0078844	C2757046
C0078844	C1373108
C0078844	C3500483
C0146011	C1373110
C1722267	C1373043
C0028157	C2756995
C0291140	C2267219
C5418188	C5671148
C5418188	C4709339
C5418188	C3500476
C0525678	C2756978
C0525678	C2917290
C0164386	C2757048
C0164386	C1373102
C0027996	C1373066
C0041090	C2757048
C0008286	C2756989
C0008286	C2757008
C0008286	C1373108
C0041920	C2756975
C0035167	C2757044
C0014563	C2757042
C0014563	C2757043
C0014563	C1373132
C0014563	C1373135
C1565316	C1373078
C1169997	C2757017
C1169997	C2757023
C0132326	C1373120
C0132326	C3665038
C0132326	C3819038
C0038666	C1373138
C0040377	C2756982
C0031968	C2757008
C0031968	C2757048
C0031968	C1373102
C0013136	C2757008
C0013136	C2917256
C3712232	C2756979
C3712232	C4060041
C2343853	C1373102
C0071836	C2757064
C0071836	C2266939
C0071836	C1373068
C0287573	C2756995
C0065517	C2267221
C0065517	C2267222
C0065517	C1373066
C3272698	C2962190
C3272698	C2267131
C3272698	C3500483
C2717539	C2757014
C0030859	C1372999
C0971579	C2267138
C1869620	C4060042
C1306772	C1373102
C1882138	C2266858
C0243237	C2916824
C0022028	C2757000
C1722260	C1373132
C0002026	C2917221
C0006213	C1373017
C0007545	C1373138
C0078442	C2757025
C0078442	C2757042
C0078442	C2757048
C2975435	C2267054
C0027396	C2756982
C0137996	C2916837
C0137996	C2267221
C0027368	C1373097
C0025942	C2267137
C0025942	C1373130
C1120106	C2756995
C3640098	C2757000
C3640098	C1373029
C0048038	C2757042
C0048038	C1373110
C0040263	C1373108
C0149381	C2267221
C0149381	C2267222
C0149381	C1373066
C0078049	C2267208
C0078049	C3265468
C5139666	C2916797
C5139666	C2267041
C5139666	C2267042
C5139666	C5671150
C5139666	C4020252
C0006976	C2756995
C0041030	C2757061
C0058831	C1373055
C0025175	C1373052
C0025175	C1373098
C0020352	C1518622
C0020352	C1373089
C1831796	C2757016
C1831796	C2916810
C1831796	C2962190
C1831796	C2962753
C1831796	C2267120
C1831796	C3665040
C0018242	C1373147
C4550368	C2962187
C4550368	C2962188
C4550368	C2936807
C4550368	C1373017
C4550368	C5671143
C4550368	C3665039
C4550368	C3665038
C4550368	C3819037
C4550368	C3500476
C0016229	C1373047
C0065180	C2757048
C0033126	C1373108
C0000477	C2757058
C0935989	C2757016
C0935989	C2962190
C0935989	C2962753
C0935989	C2267122
C0010648	C2267002
C0010648	C1373108
C3896936	C2266861
C3896936	C3665038
C3896936	C3819035
C3896936	C3819038
C3896936	C3500483
C0108121	C2267178
C0108121	C2267221
C5418478	C2267039
C0040979	C2756989
C0040979	C2757008
C0002372	C2267221
C0002372	C2267222
C0000608	C2756995
C0011689	C1373085
C0002260	C2756995
C0002260	C2917540
C0078792	C1373108
C0078792	C1384478
C4042960	C4019043
C0025826	C1373097
C0031978	C1373102
C0039644	C2757051
C1099677	C1373102
C0015528	C2757029
C0244821	C2757007
C2698220	C1373066
C3264621	C3819037
C3264621	C3500475
C3264621	C3500483
C3264621	C3267921
C0075632	C2756998
C0075632	C2917243
C0075632	C2917244
C0016295	C2757048
C0016295	C2916829
C0032613	C2936808
C0010980	C2916799
C0961209	C2756982
C0165703	C2757044
C0008221	C1373017
C0054249	C2916809
C0054249	C1373017
C0054249	C1373044
C0035661	C1373132
C0524959	C2757000
C0524959	C1372999
C0017887	C2756994
C0017887	C3500480
C0075932	C2757000
C0009011	C1373017
C0009011	C1373044
C0028126	C1373017
C0028126	C1373044
C0766326	C1373108
C0039266	C1373138
C0070895	C2757067
C0070895	C1527256
C0070895	C1511685
C0068377	C2756979
C0537551	C2916836
C0772321	C2917264
C0387288	C0175779
C0057606	C2757048
C0077388	C1373102
C0028902	C2936780
C0028902	C2267188
C0021735	C2757019
C0025629	C1373017
C3273719	C2916827
C3273719	C2962190
C3273719	C3819035
C3273719	C3500483
C0021734	C2757019
C0066535	C2756986
C5556517	C4553800
C1453933	C1373111
C0024778	C2757023
C0002680	C1373138
C0069765	C2267137
C0069765	C1373130
C0015518	C2757029
C0029997	C1373017
C0029997	C1373044
C0052759	C1373020
C0126774	C2916819
C0126774	C2267221
C0126774	C2267222
C0126774	C1373066
C0014710	C2757042
C0014710	C2757052
C0014710	C1373039
C0014710	C3819037
C2717174	C4283299
C0012191	C2756982
C0012191	C2917177
C3884837	C4325192
C0772394	C1373124
C0002371	C2267221
C0002371	C2267222
C0033215	C1373108
C0012203	C1373007
C0009010	C2757023
C0009010	C2757053
C0037129	C2757051
C0528166	C2756998
C0528166	C2917243
C0528166	C2917244
C0015058	C1373108
C0288165	C1373120
C0048897	C3819035
C0048897	C3819024
C0048897	C3500483
C4505936	C1372999
C4505936	C5443980
C0076166	C2757061
C0145185	C5833424
C4519744	C1373059
C4519744	C5671142
C0206049	C2917208
C0206049	C2917207
C0027780	C2757051
C0008290	C2756989
C0008290	C2757008
C0008290	C2757052
C0041942	C1372991
C0053155	C1373138
C1101838	C2756999
C0108124	C2267178
C0108124	C2267221
C2350948	C3485985
C0246689	C2757058
C0246689	C1373092
C0025876	C2917197
C0055021	C1373132
C0055021	C1373134
C0055021	C1373136
C0008929	C2757048
C0060400	C2756995
C5139845	C1152564
C5139845	C5833841
C5139845	C3819035
C5139845	C3500483
C0391001	C2757019
C0391001	C3883351
C0042839	C1373066
C0042839	C1517315
C5139804	C4709340
C5139804	C4709339
C0009002	C2916813
C1667052	C2266937
C0140594	C2757064
C0140594	C2266939
C0140594	C1373068
C0006388	C2757061
C0543464	C1373108
C0033229	C2757008
C0257343	C2756989
C0257343	C1373137
C0033743	C2757023
C0033743	C2757053
C0070563	C2757048
C0022029	C2757000
C0006403	C1373133
C0006403	C1373134
C0004320	C1373108
C0016296	C1373017
C0016296	C1373044
C0379881	C2936780
C2000088	C1373108
C0026933	C2757009
C4310440	C3819043
C0078794	C2267221
C0078794	C2267222
C0078794	C1373066
C1321948	C2757062
C0039663	C3537245
C0030438	C1373108
C0011276	C2757051
C0005740	C2757009
C2350866	C1373147
C0301503	C2267208
C0301503	C1383096
C0301503	C3265464
C0001655	C1373064
C0026549	C2917221
C0026549	C4060041
C0126174	C2757003
C0126174	C2936805
C0078257	C2757009
C0078257	C1373147
C0017845	C1373006
C0040373	C2756989
C0031935	C2757008
C1120386	C2267139
C0040869	C2936807
C0040869	C1373085
C0037167	C0021048
C0051809	C2266863
C0051809	C1656262
C0164662	C1373111
C0009279	C2266866
C0009279	C2266876
C0010137	C2757064
C0010137	C2266939
C0010137	C1373068
C0039902	C2757009
C0527316	C2757012
C0027348	C2917209
C0027348	C2917250
C0027348	C1373059
C0002502	C2936807
C0002502	C1373085
C0007558	C2756995
C0526399	C2757014
C0073992	C1373132
C0058762	C3205599
C0008296	C1373108
C0040162	C1373095
C0026156	C1373108
C0008183	C2757048
C0002615	C2267222
C0209210	C2757002
C0209210	C2917245
C3252090	C3819035
C3252090	C3819042
C3252090	C3819041
C3252090	C3500483
C0011786	C2756998
C0011786	C2757053
C0009014	C1373110
C0114872	C2917207
C0114872	C2917208
C0247194	C1373108
C0016280	C1373012
C0007557	C2756995
C0055891	C2962190
C0055891	C1373017
C0055891	C1373044
C0055891	C3500476
C2974521	C3864933
C0907349	C2757009
C0907349	C2266855
C0216231	C2757019
C0025611	C2756978
C0025611	C2757017
C0025611	C2757023
C0000946	C2757061
C0000946	C1373134
C0025241	C2756975
C0218986	C2757049
C0218986	C1373151
C0055147	C2757048
C0009008	C2757056
C0064870	C2757048
C0030071	C2757042
C0015827	C2757053
C0015827	C1373043
C0015824	C2757014
C0038742	C1373100
C0028156	C2756995
C0028156	C1373148
C0054340	C2757048
C4519428	C4535235
C0025688	C1373017
C0025688	C1373108
C0007562	C2756995
C0051241	C1373006
C0034403	C2756995
C0034403	C2267136
C0054672	C2757048
C0070166	C2962193
C0070166	C3665040
C0009170	C2757017
C0009170	C1373055
C0011279	C1373017
C0011279	C1373044
C0052585	C2936780
C0003166	C2757009
C1998431	C2757000
C0257190	C4027039
C0008241	C1373048
C0041038	C1373006
C0008992	C2757064
C0008992	C2266939
C0008992	C1373068
C0030350	C1373108
C0650160	C2757000
C0013547	C2267137
C0903411	C1373108
C0028356	C1373052
C0010620	C2757048
C0010620	C2757052
C1569608	C2757066
C1569608	C2917249
C0007735	C1373138
C0913506	C2917246
C0913506	C5399735
C0020934	C2757023
C0020934	C2757053
C0025729	C2916819
C0039736	C2267209
C0039736	C1373108
C0061851	C2757002
C0061851	C2917245
C0033497	C2757061
C0033497	C1373133
C0033497	C1373134
C0002600	C2757023
C0002600	C2757053
C0063252	C1372997
C0063252	C1373017
C0046100	C1372991
C0010582	C1373102
C0068788	C1373071
C0054259	C2267137
C0054259	C1373130
C0003993	C1373066
C0014025	C2757044
C0005320	C2757061
C0005320	C1373134
C0525227	C2757042
C0525227	C1373110
C0005098	C2757022
C0005098	C1373039
C0005098	C1373102
C0005098	C1383092
C0379200	C1373129
C0016986	C2916833
C0289313	C2916798
C0289313	C2916813
C0289313	C1373092
C5139924	C2267208
C5139924	C5671151
C2348241	C2757048
C2983945	C2936780
C2983945	C2267188
C0128603	C2917207
C0128603	C2917208
C0074493	C2757017
C0074493	C2757023
C0074493	C2757053
C0123043	C2757007
C0011015	C2267189
C0011015	C1384454
C0011015	C1511685
C4050579	C1372999
C0031965	C2756975
C0012010	C1373017
C0012010	C1373044
C1144403	C2757051
C1144403	C2962188
C1144403	C1373138
C1144403	C3883360
C1144403	C3500475
C1144403	C3500476
C0035891	C2757051
C0037707	C2757061
C0037707	C1373133
C0037707	C1373134
C2987648	C2757011
C2987648	C2757016
C2351042	C2936780
C2351042	C2267188
C0063829	C2267213
C0063829	C2267214
C4524320	C1152564
C4524320	C5446067
C4524320	C5550913
C4524320	C5550920
C4524320	C4018500
C4524320	C3665041
C0039832	C2756995
C0066624	C2756998
C0066624	C1373043
C0017245	C2916813
C0024027	C2756999
C0074757	C2267221
C0074757	C1518622
C0053791	C2267222
C0041056	C2757023
C0041056	C2757053
C0025605	C2916808
C0025605	C2917221
C0025605	C1373059
C0050451	C2266864
C0995188	C2916831
C0103049	C1373108
C3859426	C2757029
C0002711	C2756994
C0068006	C2955531
C3656970	C2917238
C0030873	C2756979
C0030873	C2917209
C0030873	C2917250
C3899973	C4020251
C0246330	C2917201
C4079854	C1152564
C2718773	C2917260
C0038702	C2916799
C0025405	C2267002
C0040976	C2267179
C0040976	C3537049
C0011705	C2757064
C0011705	C2266939
C0011705	C1373068
C0754011	C3160097
C0754011	C2962190
C0754011	C3665040
C0016610	C2756995
C0039468	C1373017
C0039468	C1373044
C0028403	C2757042
C0672708	C2266853
C0759933	C2756998
C0759933	C2917243
C0759933	C2917244
C0065656	C2916829
C0065656	C2916833
C0065656	C2962186
C0065656	C2962188
C0065656	C2962187
C0065656	C2962190
C0065656	C2962753
C0065656	C3500475
C0045093	C2757009
C0045093	C2266855
C0008996	C2757009
C0052762	C2757048
C0016368	C2756989
C0016368	C2757008
C0016368	C1373108
C3886073	C4084260
C4508522	C2916825
C4508522	C5550919
C1870115	C2756989
C1870115	C1373137
C3489575	C1373108
C0017797	C2267218
C0063076	C2757064
C0063076	C2266939
C0063076	C1373068
C0025033	C2756975
C0007299	C2757061
C0007299	C1373134
C0007299	C1373133
C0033223	C2756975
C0033223	C2757009
C0014912	C1373007
C0031923	C2757026
C0031923	C2757066
C4330903	C2917197
C4330903	C2962186
C4330903	C2962190
C4330903	C2962191
C4330903	C2962188
C4330903	C2962753
C4330903	C5550923
C4330903	C3819036
C0055711	C2757051
C0079856	C1373055
C0149368	C2267221
C0149368	C2267222
C0149368	C1373066
C0012125	C2757022
C0012125	C1373102
C0033473	C2757008
C0033473	C2757048
C0033473	C2757052
C0033473	C1373102
C0033473	C1373137
C0085173	C2757048
C0076126	C2757014
C5227411	C2916825
C5242455	C2267208
C5242455	C3883352
C3696416	C2267178
C0014277	C1372997
C0014277	C1373017
C0072828	C1373017
C0072828	C1373044
C0036442	C2757022
C0036442	C2757048
C0036442	C2757052
C0036442	C1373102
C0073631	C2756982
C1698215	C2917194
C3529928	C2936806
C3529928	C5781812
C3529928	C3500476
C0164608	C2936808
C1435749	C2756975
C0114873	C2756989
C0114873	C1373137
C0249458	C1511685
C0070592	C1373108
C0029983	C2757029
C0029983	C1373138
C0304961	C2757000
C0057258	C2266939
C0057258	C1373068
C0006711	C2267178
C0006711	C2267221
C0014892	C1373017
C0014892	C1373044
C1508750	C2756979
C1508750	C2917209
C0014921	C2756975
C0724441	C2756989
C0041536	C1373066
C0042105	C1373108
C0020316	C1373066
C3541367	C2757023
C3541367	C2757053
C0062923	C2757026
C0055573	C1373004
C0058056	C2917221
C5139729	C1373108
C0028351	C2757042
C0028351	C1373135
C0025497	C2757008
C0029112	C1373059
C0053526	C2757026
C0055004	C1373138
C2725260	C2962188
C2725260	C2936807
C2725260	C3500476
C0043668	C1373066
C0963398	C1373111
C0006400	C1373004
C0006400	C1373055
C0052416	C1373108
C0908935	C2757048
C0011816	C2757053
C0011816	C2955440
C0011816	C2962756
C1880288	C2757023
C1880288	C2757053
C1880288	C2962190
C0025381	C1373055
C0050559	C1373108
C0050559	C3819028
C0907850	C1373068
C0038633	C2266866
C0068333	C3537245
C4730996	C1373082
C0023726	C1373108
C0246421	C2756995
C0246421	C2757060
C0064263	C2757048
C0031990	C2756982
C0596004	C2757052
C0596004	C1373102
C0596004	C1383092
C0077857	C1373137
C0025840	C1373017
C0007554	C2756995
C0003143	C2757048
C0012145	C1373007
C0019469	C1373017
C0019469	C1373044
C0002575	C1656262
C0022034	C2267214
C4309207	C2917231
C0004975	C2936808
C0282386	C2936780
C0282386	C2267188
C0025147	C1373052
C0909381	C2757009
C0909381	C1511685
C0006644	C2756995
C0052761	C1373108
C0352536	C2757064
C0352536	C2266939
C0352536	C1373068
C0109002	C1373108
C0163025	C1373102
C0006931	C1373006
C4727016	C2757032
C4727016	C2917210
C4727016	C5671141
C0036071	C2756982
C1174893	C2757048
C2987429	C2267208
C2987429	C5550912
C0034235	C2757012
C1664205	C2756995
C0042646	C2757009
C0042646	C1511685
C0025853	C2757008
C0025853	C2917256
C0537894	C2267139
C0034414	C2962190
C0034414	C1373020
C0034414	C1373036
C0034414	C1373055
C4283710	C2757009
C4283710	C2757051
C0039840	C1373066
C5206403	C2267139
C0211011	C2916811
C0388753	C1373102
C0053091	C2757044
C0012319	C1372999
C0031441	C2756989
C0914729	C2756998
C0914729	C2917243
C0914729	C2917244
C0872916	C2757000
C0019435	C1373108
C0146224	C1384454
C0016366	C1373097
C0065527	C2267221
C0065527	C2267222
C0065527	C1373066
C4733494	C4020253
C4733494	C4020252
C0015046	C1373055
C4508938	C1373059
C0011710	C1373012
C0288792	C1372999
C0288792	C0021048
C0064568	C2916833
C0017642	C1373092
C0029995	C1373097
C0060389	C2756987
C0056732	C1373108
C0007560	C2756995
C0032896	C1373134
C0033493	C2917221
C0033493	C2936807
C0031392	C2756978
C0961965	C1373058
C0085208	C2757017
C0085208	C2757023
C0085208	C2757053
C0085208	C2962190
C0086160	C2757007
C0086160	C2757042
C0086160	C2757052
C0005116	C2757014
C0005116	C1373055
C0065162	C2936780
C0055011	C2756995
C4305843	C1373108
C0292819	C2757051
C0077071	C2962188
C0077071	C2962187
C0077071	C2962186
C0077071	C2962190
C0077071	C2962753
C0077071	C5550922
C0077071	C3665040
C0077071	C3819037
C0077071	C3500475
C4519734	C4020258
C0026234	C2757009
C0026234	C1373129
C0053122	C1373066
C0039623	C3855964
C3886731	C3267937
C0032838	C1373108
C0136123	C2757044
C0022419	C2756995
C0011685	C2757023
C0011685	C2757053
C0042874	C1517315
C0013089	C2267189
C0013089	C1384454
C1876200	C5550911
C0360172	C2757022
C0028420	C2757023
C0028420	C2757053
C0040899	C2757046
C0040899	C2936808
C0083381	C2756982
C0030040	C1373133
C0030040	C1373134
C0015021	C2757051
C0017718	C1373108
C4080009	C1384478
C0012086	C2757046
C1721339	C1373108
C1721339	C5833420
C0028094	C2757014
C0028094	C2916833
C0028005	C2757014
C0028005	C2916833
C0028005	C2962188
C0028005	C2962190
C0028005	C2962753
C0028005	C3665040
C0006230	C2757007
C0036579	C2756978
C0036579	C2917290
C5139868	C5550902
C0071808	C2756990
C4279595	C5550908
C0020336	C2756995
C0020336	C1372991
C1516119	C2757016
C1516119	C1152564
C4682392	C1152564
C0060692	C1373007
C0025741	C2757042
C0025741	C1373110
C1831731	C2757011
C1831731	C2757016
C1831731	C2267122
C0032911	C1373020
C0001268	C2757051
C2744850	C2757051
C2744850	C3819035
C0043339	C1373108
C5244461	C5873962
C5244461	C5234665
C5244461	C3819035
C5244461	C3819037
C5244461	C3500483
C1831828	C2757006
C1313616	C2757056
C0907410	C2757051
C4083151	C3160092
C4083151	C2267208
C4083151	C2266858
C0003420	C1373108
C0051696	C2757014
C0051696	C2916833
C0051696	C3819037
C0056831	C2757046
C0056831	C2936808
C3491974	C3160090
C3491974	C3819042
C3491974	C3819041
C3491974	C3500483
C0053799	C2757061
C0053799	C1373134
C0071554	C1373007
C0076110	C1373130
C0022154	C2756978
C0013065	C2757023
C0013065	C2757053
C2607219	C2757068
C2607219	C3819042
C2607219	C3819041
C2607219	C3500483
C0025912	C2757048
C0025912	C2757052
C0025912	C1373136
C0034272	C1373066
C0076705	C2267137
C0075007	C2757044
C0060405	C2756995
C0002644	C2757008
C0002644	C2757023
C0002644	C2757053
C0754820	C2917264
C0065185	C2266942
C0065185	C1373017
C0065185	C1373044
C0034417	C2757009
C2607750	C1373095
C0025887	C1373055
C0173083	C2917229
C0173083	C5550901
C0173083	C3819043
C0173083	C3819044
C0173083	C3500475
C0065972	C2757048
C0031184	C2756989
C0031184	C2757008
C0251504	C1373018
C0251504	C1373022
C0251504	C1373044
C2827241	C2962753
C2827241	C3643465
C2827241	C3500483
C0772505	C2756982
C0005304	C2917287
C0010192	C1373064
C0008783	C2757005
C0718050	C2267178
C0966107	C2916844
C0966107	C2962753
C0966107	C4301672
C0966107	C4301671
C0055899	C2757064
C0055899	C2266939
C0055899	C1373068
C0014942	C1373007
C1675326	C2266933
C3502471	C3665047
C3502471	C3500483
C0030883	C1373006
C0304612	C2266939
C0304612	C1373068
C0040988	C2757008
C0031379	C1373108
C0012133	C1373111
C4740904	C2267208
C4740904	C5234666
C0040374	C1373092
C1738934	C3160090
C1738934	C2962753
C1738934	C3819036
C2346970	C2757056
C0078956	C1383102
C0301373	C1373102
C0054409	C1373108
C0057143	C2756989
C0020789	C2267189
C0020789	C1384454
C4042342	C1373069
C0038792	C2756982
C0074391	C2267137
C0074391	C1373130
C4519292	C2757051
C4519292	C3500483
C0042523	C2757014
C0042523	C2916833
C0042523	C2962753
C0042523	C3819037
C0042523	C3500483
C0077163	C1372991
C2983838	C2757051
C0025575	C2757042
C0025575	C1373109
C2827667	C2757011
C2827667	C2267115
C5238052	C5550915
C2756957	C2916807
C0052772	C1373138
C0663733	C2756991
C1698893	C2917264
C0053941	C1373133
C0053941	C1373134
C0045010	C1373052
C2605855	C3160090
C2605855	C2962753
C2605855	C3819042
C2605855	C3819041
C2605855	C3500483
C2930789	C2757016
C2930789	C2267115
C0069739	C2756982
C0528023	C2756999
C0037549	C1373108
C0030840	C1373138
C4742219	C5781813
C0025382	C2962188
C0025382	C1373006
C0016225	C1656262
C0016225	C1373102
C0046948	C2757058
C0016384	C1373082
C0937932	C2757029
C0012963	C2757043
C0012963	C1373135
C0376637	C2756991
C1721377	C2757016
C1721377	C2962190
C1721377	C2267122
C1721377	C3665039
C1721377	C3665038
C1721377	C3665040
C1721377	C3883348
C1721377	C3500483
C0030072	C1373097
C0034261	C2757012
C4325235	C2756979
C4325235	C4060041
C5401615	C3883352
C0010961	C1373097
C0038418	C1383102
C2343589	C2917260
C0065961	C2757061
C0038149	C1373097
C0066531	C2266983
C0210657	C2756988
C0210657	C2757051
C0210657	C2916820
C0210657	C1373048
C1143018	C4276104
C0031007	C2757007
C0033447	C2757022
C0033447	C1373102
C0013615	C2757012
C0064079	C2756994
C0064079	C3500480
C0065512	C2267221
C0065512	C2267222
C0025380	C2757025
C3848580	C1373108
C0012306	C2917221
C0012306	C4060041
C2936870	C2757007
C2936870	C1373043
C0360537	C2266939
C4079805	C3665047
C0030520	C1373095
C1176315	C2756991
C0015121	C1373129
C1121991	C2962193
C0025384	C1373055
C0018033	C1373108
C1699926	C2955436
C0004521	C2267208
C3179470	C1373017
C0007561	C2756995
C0006703	C2757000
C0012228	C2756982
C0039925	C1373108
C0074765	C1372991
C0012772	C1373053
C0982025	C2757029
C0030812	C2757061
C0030812	C1373133
C0030812	C1373134
C0076107	C2756989
C0043832	C2757050
C0026388	C2756989
C0026388	C2757008
C0040372	C1373092
C0142046	C1373095
C0071074	C3163330
C3254591	C1152564
C3853921	C2757011
C3853921	C2757016
C3853921	C1152564
C0010583	C2756975
C0209366	C2266861
C0209366	C1373019
C0035179	C2757023
C0035179	C2917235
C0162745	C2757029
C0001911	C1373143
C0001911	C4046836
C0023556	C1383096
C0085161	C2936780
C0085161	C1384454
C0062922	C2757026
C0062922	C1373102
C0052946	C2757048
C0916062	C2757013
C0916062	C2757063
C0916062	C2267054
C0000473	C1372991
C0002403	C2266995
C0002403	C1373039
C0002403	C1373047
C0009077	C1373138
C0120726	C1373108
C0168273	C2757013
C0168273	C1373124
C4726765	C2757017
C4726765	C2757023
C0025842	C2756998
C0007556	C1373138
C0029310	C1373108
C0030827	C1373138
C0174938	C2757064
C0174938	C1373068
C0030858	C2756994
C0913246	C2757001
C1170000	C2757029
C2000261	C2266942
C2000261	C3500480
C1099456	C2757053
C1098261	C2757058
C1098261	C2917290
C1098261	C2917289
C1098261	C2962186
C1098261	C2962187
C1098261	C2962188
C1098261	C2962190
C1098261	C1373093
C1098261	C3819035
C1098261	C3819036
C1098261	C3500475
C0030815	C2757008
C2697961	C2757016
C0030903	C1372996
C0030903	C1373088
C0036534	C2267182
C0076079	C1373138
C0282072	C2917287
C0060787	C1373075
C0062587	C1373138
C1956796	C2757000
C0079594	C2267172
C0378482	C1384478
C0663655	C1373111
C0663655	C5550921
C0142805	C2917198
C0142805	C1373108
C0006020	C1373108
C5419314	C4553800
C2986922	C4551433
C0768182	C2267208
C0768182	C2266858
C0027358	C2756979
C0042679	C1373147
C0022860	C2757061
C0022860	C1373134
C0022860	C1373137
C0022860	C1373133
C0030576	C2757051
C5392287	C2917264
C5392287	C2267213
C0018513	C2757064
C0018513	C2266939
C0018513	C1373068
C0021971	C2267213
C0937846	C2962188
C0937846	C1384478
C2744960	C1373093
C0071098	C2756998
C0071098	C2917256
C0071098	C1373137
C0013030	C2757007
C0013030	C2757025
C0971023	C1373111
C0022041	C2267213
C0245561	C2757023
C0245561	C2757053
C0033405	C2757008
C0033405	C2757048
C0071330	C2267136
C0013015	C2917256
C0016360	C2756988
C0016360	C2757009
C0016360	C2266855
C0015043	C2756995
C0015043	C1373108
C3492634	C2917238
C3492634	C2267213
C0040610	C2917221
C0249582	C1373066
C0055729	C2266863
C0102840	C1373129
C0126120	C2757048
C0286738	C2756991
C0286738	C3819037
C0244656	C1373055
C0041660	C1373108
C0378466	C2757015
C0378466	C3500475
C0072857	C2757044
C0083183	C1373108
C1958126	C2917254
C0002598	C2757014
C0002598	C2757061
C0002598	C2962186
C0002598	C2962190
C0002598	C2936807
C0002598	C1373036
C0002598	C3819037
C0002598	C3500475
C0002598	C3500483
C0037524	C2757000
C0016374	C2757064
C0016374	C2266939
C0016374	C1373068
C5139793	C4709340
C0030771	C2936780
C0030771	C1384454
C3555537	C2757000
C0050962	C2917265
C0050962	C1373108
C0042665	C2757023
C0042665	C2962187
C0042665	C2962186
C0042665	C2962190
C0042665	C2962753
C0055936	C1373068
C0717537	C2267178
C0772089	C1373102
C2003424	C1373108
C0007555	C2756995
C2353951	C3665047
C0027353	C1384454
C5235403	C2266861
C4548848	C1373017
C4548848	C5671143
C5400023	C1372992
C0024337	C2267218
C0004743	C2757022
C0004743	C1373006
C5398046	C4018499
C0206460	C2757013
C0206460	C2757029
C0206460	C2757063
C0206460	C2267054
C2698692	C2757016
C2698692	C1152564
C2698692	C3819037
C0525005	C2756991
C0525005	C3819037
C0754647	C2756998
C0754647	C2917243
C0754647	C2917244
C0052429	C2757009
C0052429	C2757051
C3852512	C3883351
C0001275	C1527256
C0256103	C2756980
C0256103	C1383102
C0008466	C2267218
C0025376	C2917221
C0013084	C1372999
C0013084	C1373108
C0008402	C2266876
C1455147	C2757016
C1096766	C2917207
C1096766	C2917208
C0084528	C2756998
C0084528	C2917256
C0673470	C2917195
C4043954	C4294556
C0073571	C1373055
C0053817	C1373132
C0007257	C2756975
C2980074	C2757016
C2980074	C5445071
C2980074	C5446066
C0016855	C2756978
C0010976	C2757014
C0006462	C2756998
C0006462	C1373108
C0032483	C1518622
C2350656	C2757029
C0008287	C1373092
C0772364	C2757064
C0772364	C2266939
C0772364	C1373068
C0247025	C1373125
C0025854	C2936808
C0076891	C2757044
C0068483	C2757019
C0072973	C2757044
C0038627	C2917206
C0071304	C2757014
C0071304	C2916833
C0030864	C1373108
C0030310	C2917207
C0030310	C2917208
C0075503	C2267137
C0285590	C1373082
C0016367	C2757008
C0016367	C2917256
C0016367	C1373137
C0033399	C2756989
C0033399	C2757008
C4726688	C2267139
C0060234	C2266867
C0060234	C1527256
C0036516	C1373017
C0036516	C1373077
C0114771	C1373036
C0305040	C2757000
C4547455	C5849126
C0051150	C2756989
C0051150	C1373137
C0116569	C2757061
C0116569	C1373137
C0245109	C2756995
C0245109	C2917260
C0025631	C2757046
C0027324	C2757029
C0027324	C1373138
C2980091	C1152564
C2980091	C5849125
C0022267	C2757043
C0053229	C1373085
C0298067	C1373108
C0018034	C1373108
C3658667	C5574397
C0060277	C2267221
C0041345	C2917208
C0041345	C2917207
C4519258	C4051512
C0070525	C2936807
C0009214	C2917221
C0025051	C1373017
C0025051	C1373044
C0028127	C2916833
C3709760	C2757029
C1722685	C3267935
C0677829	C2916812
C0040379	C1373158
C0006463	C2756975
C3273754	C2267137
C3273754	C1373130
C0059985	C2757009
C0059985	C2266855
C4048265	C2267208
C4048265	C3265464
C4723629	C2962753
C4723629	C5834371
C0014987	C1373017
C1506770	C2757016
C1506770	C2916795
C0012291	C2756989
C0012291	C2757042
C0012291	C2757052
C0012291	C3819037
C0298130	C2757015
C0043031	C2917237
C0043031	C1373065
C0014704	C2757042
C0014704	C2757052
C0060231	C2267221
C0026651	C1373066
C0008280	C1373108
C0246631	C2917221
C0167117	C2916791
C0030049	C2917221
C0296800	C2757048
C4049141	C2757016
C4049141	C1152564
C3642427	C2757051
C0016365	C2757053
C4524703	C2916825
C4524703	C5781814
C0061347	C2267178
C0061347	C2267221
C5418501	C2917210
C0033603	C2917226
C0165590	C2757046
C0025270	C1373108
C0754659	C2756987
C0031412	C1373006
C0082608	C2756999
C0770438	C1373108
C0012702	C1373055
C0012702	C1373108
C4507514	C2962753
C4507514	C2266934
C4507514	C5574400
C0287041	C2757003
C0287041	C2936805
C3886460	C2917231
C3886460	C1373032
C1098510	C2757013
C1098510	C2267054
C0025625	C2757048
C0015837	C2756982
C2699758	C2757022
C2699758	C1373102
C0013974	C1373108
C0025624	C2757005
C0025624	C1373102
C0057621	C1373108
C0031957	C1373044
C0120107	C2267072
C4519199	C1373108
C0011824	C1373086
C0037518	C1373108
C0027302	C2757061
C0027302	C1373133
C0027302	C1373134
C0007546	C2756995
C0028158	C1373108
C0076840	C2936809
C4550366	C3160097
C4550366	C2962187
C4550366	C2962753
C4550366	C2267137
C4550366	C1373130
C4550366	C5574403
C4550366	C5550923
C4550366	C4018500
C4550366	C3665041
C4550366	C3665040
C4550366	C3819036
C4550366	C3500483
C3490795	C2267219
C0054668	C1372999
C0039771	C1656262
C3700399	C2756979
C0143083	C1373064
C0143083	C3537106
C2714632	C2962188
C2714632	C2266861
C2714632	C3819038
C2714632	C3500483
C0060520	C2757062
C0060520	C2267213
C1533126	C2757023
C1533126	C2757053
C5446780	C2267213
C5446780	C5574401
C0068367	C1373130
C0055008	C2756995
C0014582	C2267189
C0014582	C1383096
C0014582	C1384454
C1176306	C2916827
C1176306	C2962753
C1176306	C3500474
C1176306	C3500476
C0360534	C2757064
C0360534	C2266939
C0360534	C1373068
C0537439	C2927152
C0537439	C2267039
C1530072	C2757053
C0053230	C1373108
C0012383	C3537049
C0026088	C1373001
C0026088	C1373003
C0771311	C1373129
C0025153	C1373108
C0039419	C2757000
C0052940	C2756982
C0052940	C2757064
C0078836	C2757044
C0209211	C1373046
C0765273	C1372999
C0765273	C1373108
C0033798	C2757042
C0033798	C2757043
C0025627	C1373017
C0035608	C2757009
C0145055	C2757000
C0012695	C2917262
C0012695	C2266865
C0012695	C1527256
C0057981	C1372999
C3714572	C1373129
C0010590	C2756995
C0076075	C2936780
C0076075	C2267188
C0118168	C2757044
C0034283	C2916820
C0034283	C1373048
C0062092	C1373017
C5418176	C2916831
C5418176	C1152564
C5418176	C3819038
C0965129	C2756999
C0082646	C2917264
C0300205	C3854078
C0286185	C2916833
C0286185	C2916829
C0259507	C2757013
C0259507	C2757029
C0259507	C2757063
C0259507	C2267054
C0772319	C1373005
C0016267	C1373138
C0106556	C2267222
C0030969	C2757008
C0052944	C1373132
C0076660	C1373007
C0025644	C2757051
C0025644	C2917233
C0025644	C1373071
C0025644	C1373100
C0025859	C2757061
C0025859	C1373134
C4043480	C5782142
C4043480	C3819040
C4043480	C3668479
C0040193	C1373138
C0007541	C1373138
C4724800	C2267208
C1434792	C4709343
C1434792	C4709344
C0903898	C2757058
C0903898	C1373092
C0216660	C2266933
C0893383	C2757000
C0600370	C2757066
C0058415	C2757025
C0058415	C2757042
C0058415	C1373132
C0058415	C1373135
C4086895	C2756995
C4086895	C5446064
C4086895	C5550913
C4086895	C4018500
C0082944	C2757064
C0082944	C1373068
C0039865	C2757008
C0016293	C1372996
C0016293	C1373088
C0040207	C1373126
C0055578	C1656262
C0008163	C2756975
C0162680	C2757000
C0533545	C2936780
C0533545	C2267188
C0030817	C1527256
C0025039	C2757048
C0025039	C1373102
C0074393	C2757053
C0074393	C2962190
C0032910	C1373017
C0165603	C2757009
C0054015	C1372999
C0012022	C2757046
C0012022	C3163330
C5418179	C4551434
C0031507	C1373055
C0031507	C3665039
C0031507	C3665038
C0031507	C3883361
C0031507	C3883360
C0031507	C3819038
C0031507	C3500474
C0031507	C3528603
C0028116	C2757014
C0028116	C2916833
C0286079	C1511685
C0062986	C1373138
C0060304	C2962188
C0060304	C2962187
C0060304	C2962186
C0060304	C2962190
C0060304	C2962753
C0060304	C5550913
C0060304	C4018500
C0060304	C3665038
C0060304	C3665041
C0060304	C3883361
C0060304	C3819036
C0060304	C3819041
C0060304	C3819043
C0060304	C3819044
C0060304	C3819042
C0108101	C2267178
C0108101	C2267221
C0008275	C1373007
C0005640	C1373065
C0004609	C1373018
C0004609	C1373044
C0216278	C2756997
C0216278	C2757013
C0055723	C2757044
C0031495	C2757042
C0541155	C2266876
C0032032	C1373138
C5226639	C5781804
C5226639	C5671144
C5226639	C3665039
C5226639	C3665038
C5226639	C3819038
C5226639	C3500474
C5226639	C3500483
C5226639	C3528603
C1608295	C1373055
C0037512	C1527256
C0012289	C2757042
C0012289	C2757052
C0039512	C1384454
C0053882	C2756995
C0215717	C2757013
C0007552	C2756995
C0057916	C1373052
C0057916	C1373082
C3661315	C4019043
C0085379	C2267208
C0085379	C2267041
C0085379	C2267043
C1120110	C2757044
C1120110	C2917241
C0008806	C2936780
C0107497	C1373130
C0052865	C2267208
C0052865	C1373138
C0076115	C2267137
C0085170	C2757048
C1565750	C2917254
C0011145	C2757050
C0873118	C1373055
C0052657	C2266866
C0147942	C2267214
C4277781	C3855964
C3711911	C2266942
C3711911	C3500480
C0039955	C2756989
C0039955	C2757008
C0025029	C2267071
C0025029	C1373090
C0003009	C2916797
C1871526	C2756984
C0085154	C2757005
C0038665	C1373040
C0041236	C1373108
C0005013	C2757008
C0025659	C1373108
C0069454	C2756982
C0069454	C2757064
C0085272	C2267072
C0085272	C1373075
C2607479	C2916791
C0007550	C2756995
C0031862	C1373108
C0301366	C2757012
C0020223	C1373108
C0025810	C2757017
C0025810	C2757023
C0030095	C2916797
C0012271	C1373108
C0537147	C2756998
C0537147	C2917246
C0537147	C5399735
C0121902	C2267072
C0068897	C1373018
C0068897	C1373044
C0009025	C1373018
C0009025	C1373044
C0766108	C2757014
C0766108	C2916833
C3467876	C2757016
C3467876	C2267154
C3467876	C3665038
C3467876	C3665039
C3467876	C3819035
C3467876	C3819041
C3467876	C3819042
C3467876	C3819043
C3467876	C3819044
C3467876	C3500474
C3467876	C3500476
C3467876	C3528603
C0674428	C2962188
C0674428	C2962753
C0674428	C1373120
C0674428	C3665038
C0674428	C3819038
C0674428	C3500475
C1145610	C2266865
C0123091	C2756989
C0123091	C2757008
C0123091	C2757048
C0123091	C2757052
C0672596	C2267039
C0007072	C1373066
C0008294	C2936808
C3896829	C4522885
C0143993	C2917221
C0529351	C1373102
C1145759	C2756991
C1145759	C2962753
C1145759	C3665040
C1145759	C3883350
C1145759	C3883348
C1145759	C3819037
C0002555	C2757060
C0002555	C2917197
C0002555	C1373067
C0033216	C1373108
C0055463	C1372991
C0913469	C1373156
C0913469	C5550911
C0073372	C2757009
C0028066	C2757014
C0028066	C2916833
C1337242	C2267185
C1313052	C1373078
C0165032	C2757049
C0175158	C2757023
C0175158	C2917235
C0022026	C2267213
C0022026	C2267214
C0886584	C2756995
C0886584	C2266872
C3475363	C2757000
C3475363	C2917238
C0054094	C2756982
C0016343	C2757009
C0024977	C2757017
C0024977	C2757023
C0033209	C1373100
C0002412	C2757012
C0028128	C2756994
C0028128	C3500480
C1701455	C2757007
C0000981	C2757046
C0030830	C1373138
C0012258	C2756995
C0012258	C1373085
C0082966	C1373108
C0038432	C2756975
C0038432	C2757009
C1527027	C2266853
C1527027	C4759632
C1527027	C3665041
C1527027	C3819041
C1527027	C3819044
C1527027	C3819042
C4086010	C5574398
C0024547	C2757012
C0068771	C1373082
C0007716	C2756995
C0032912	C2756989
C0245514	C2916798
C0245514	C2916813
C0006168	C2757018
C0006168	C2757058
C0142785	C2267221
C0142785	C2267222
C0072510	C1373047
C0020823	C2756975
C2001271	C2917221
C2001271	C1373059
C0007537	C2756995
C0537670	C2917231
C0031447	C2756978
C0031447	C2757017
C0031447	C2757023
C2935023	C1373132
C0102118	C1373129
C2698371	C2757048
C2939773	C1373066
C1098320	C2757003
C1098320	C2936805
C0795633	C1373092
C0006982	C2756995
C0006982	C2917255
C0006982	C1373039
C1692318	C2916824
C0027235	C2757022
C0027235	C1373102
C0024467	C2267221
C0024467	C2267222
C0024467	C1373066
C0040165	C1373086
C0022251	C2756994
C0724672	C1518622
C0724672	C1373108
C1120952	C1373052
C0028368	C1373052
C0724568	C2756978
C0724568	C2757017
C0724568	C2757023
C0724524	C2756978
C0724524	C2757017
C0724524	C2757023
C0054234	C1373006
C0041014	C1373086
C0725616	C2756975
C0725616	C2917193
C0725616	C2917263
C0725616	C2314883
C0725616	C2266865
C0006675	C2267178
C0068992	C1373052
C0060507	C2757064
C2699757	C2757022
C2699757	C1373102
C0051919	C1373065
C0724532	C2757063
C0297269	C2757013
C0297269	C2757063
C0969589	C1373132
C0724511	C1383096
C0301370	C1373102
C4555905	C4060041
C0005096	C2756978
C0005096	C2757023
C0005096	C1373072
C0053245	C2757046
C0053245	C2936808
C0053790	C2267222
C0053792	C2756982
C0053792	C2267222
C0006051	C2917178
C0054040	C2757018
C0054040	C2757058
C0006464	C1373006
C2699709	C1373066
C0006700	C2267178
C0006700	C2267221
C0006837	C2757006
C0600175	C2757066
C0163657	C2757006
C0163657	C2757050
C0163657	C2267218
C0055877	C2757022
C0055877	C1373102
C0770393	C1373017
C2826078	C2757029
C0009137	C1373108
C0009315	C2267222
C0009975	C2267221
C3502191	C2917238
C0453273	C2757006
C0756085	C2757051
C0012004	C2267213
C0012004	C2267214
C4083129	C2916825
C4083129	C3267923
C0281581	C2757006
C0281581	C4020253
C0058716	C2917208
C0058716	C2917207
C0752270	C1373108
C2983900	C1527256
C1875875	C2917262
C1875875	C2266865
C5139717	C2962186
C5139717	C2962187
C5139717	C2962188
C5139717	C2962190
C5139717	C2962753
C5139717	C3665040
C5139717	C3500475
C5139717	C3500483
C0717752	C1373007
C0015018	C2267213
C0015018	C2267214
C0060179	C2916813
C0873006	C2267221
C0246249	C2917264
C0060274	C2267221
C0995001	C2757006
C0733758	C1373075
C0733758	C1373095
C2349941	C2916827
C1433439	C2917264
C0061008	C1373108
C0939895	C2757006
C1119918	C1373108
C0717787	C1383096
C0018312	C1373110
C0061938	C2757042
C0120446	C1373108
C4281720	C3265468
C4082558	C2267208
C4082558	C3265466
C0030140	C2757025
C0379199	C1373129
C0877880	C2757000
C0877880	C2266858
C1725176	C2757000
C1621234	C2757019
C0021741	C2757019
C0021741	C3537021
C3495673	C2757000
C2828294	C2757000
C0302583	C2267221
C0022092	C2267221
C0023413	C1373066
C1171274	C2757061
C1171274	C1373134
C2825462	C1373066
C0520472	C1373055
C0023586	C2917221
C0023586	C4060041
C0772501	C1373132
C4086001	C4018499
C0085217	C2267223
C0085217	C1373063
C0085217	C1373108
C0126177	C2757064
C0126177	C2266939
C0126177	C1373068
C3852684	C3665038
C3852684	C3665039
C3852684	C3665040
C3852684	C3883353
C3852684	C3819038
C3852684	C3500474
C3852684	C3500475
C3852684	C3500483
C3852684	C3267921
C3852684	C3528603
C0531104	C2757009
C0531104	C2757051
C1509560	C2267221
C1509560	C2267222
C1509560	C1373066
C0024706	C1372991
C0065879	C1373052
C0065879	C1373098
C0025506	C1373007
C0163055	C1373108
C0066411	C2756979
C0937640	C1373108
C0066621	C2917208
C0066621	C2917207
C1700730	C2916827
C1700730	C2962753
C1700730	C3819035
C1700730	C3500483
C0029309	C1373108
C1110619	C2757006
C3864824	C3160090
C3864824	C3883348
C3864824	C3819035
C3864824	C3819041
C3864824	C3819042
C3864824	C3500483
C4045522	C2917239
C0030863	C1373108
C0937858	C2267215
C0070549	C2756978
C0070549	C2757017
C0070549	C2757023
C0170531	C2917198
C0070709	C2757048
C0071102	C2917208
C0071102	C2917207
C0071751	C2267221
C0071751	C2267222
C0034410	C1373007
C0756081	C2757051
C0876716	C2917208
C0876716	C2917207
C0771607	C2756987
C0036581	C1372991
C0037138	C2916824
C0875947	C2267221
C0770578	C2267221
C0770578	C1518622
C0919292	C2757000
C0038679	C2916799
C4317559	C4325192
C0039600	C2756995
C0039600	C2757060
C4056441	C4060039
C0879399	C2267208
C0879399	C2266858
C0034131	C2267208
C1705480	C1373064
C4291328	C2916825
C0081408	C2917177
C0023972	C2756975
C4053695	C2916795
C0164613	C2757019
